<?xml version="1.0" ?>
<LOG_ROOT>
	<PROJECT NAME="2022510058_group1_CONTROL_UNIT">
		<CBX_INST_ENTRY INSTANCE_NAME="|DEUARC|COMMON_BUS:inst|R2:inst3|lpm_counter:LPM_COUNTER_component" CBX_FILE_NAME="cntr_5cj.tdf"/>
		<CBX_INST_ENTRY INSTANCE_NAME="|DEUARC|COMMON_BUS:inst|RAM1:inst28|altsyncram:altsyncram_component" CBX_FILE_NAME="altsyncram_g6i1.tdf"/>
		<CBX_INST_ENTRY INSTANCE_NAME="|DEUARC|COMMON_BUS:inst|RI:inst4|lpm_counter:LPM_COUNTER_component" CBX_FILE_NAME="cntr_5cj.tdf"/>
		<CBX_INST_ENTRY INSTANCE_NAME="|DEUARC|COMMON_BUS:inst|ROM1:inst13|altsyncram:altsyncram_component" CBX_FILE_NAME="altsyncram_rv91.tdf"/>
		<CBX_INST_ENTRY INSTANCE_NAME="|DEUARC|ALU:inst2|MUX0:inst|LPM_MUX:LPM_MUX_component" CBX_FILE_NAME="mux_n6e.tdf"/>
		<CBX_INST_ENTRY INSTANCE_NAME="|DEUARC|ALU:inst2|MUX5:inst21|LPM_MUX:LPM_MUX_component" CBX_FILE_NAME="mux_96e.tdf"/>
		<CBX_INST_ENTRY INSTANCE_NAME="|DEUARC|COMMON_BUS:inst|REG_DATA_MUX:inst31|LPM_MUX:LPM_MUX_component" CBX_FILE_NAME="mux_c6e.tdf"/>
		<CBX_INST_ENTRY INSTANCE_NAME="|DEUARC|COMMON_BUS:inst|MUX_S1:inst|LPM_MUX:LPM_MUX_component" CBX_FILE_NAME="mux_v7e.tdf"/>
		<CBX_INST_ENTRY INSTANCE_NAME="|DEUARC|CONTROL_UNIT:inst1|D_DECODE:inst3|lpm_decode:LPM_DECODE_component" CBX_FILE_NAME="decode_lbf.tdf"/>
		<CBX_INST_ENTRY INSTANCE_NAME="|DEUARC|CONTROL_UNIT:inst1|S1_DECODE:inst74|lpm_decode:LPM_DECODE_component" CBX_FILE_NAME="decode_0af.tdf"/>
		<CBX_INST_ENTRY INSTANCE_NAME="|DEUARC|COMMON_BUS:inst|AR:inst7|lpm_counter:LPM_COUNTER_component" CBX_FILE_NAME="cntr_5cj.tdf"/>
		<CBX_INST_ENTRY INSTANCE_NAME="|DEUARC|CONTROL_UNIT:inst1|RD_DECODE:inst118|lpm_decode:LPM_DECODE_component" CBX_FILE_NAME="decode_0af.tdf"/>
		<CBX_INST_ENTRY INSTANCE_NAME="|DEUARC|ALU:inst2|MUX1:inst2|LPM_MUX:LPM_MUX_component" CBX_FILE_NAME="mux_c6e.tdf"/>
		<CBX_INST_ENTRY INSTANCE_NAME="|DEUARC|ALU:inst2|MUX2:inst18|LPM_MUX:LPM_MUX_component" CBX_FILE_NAME="mux_96e.tdf"/>
		<CBX_INST_ENTRY INSTANCE_NAME="|DEUARC|COMMON_BUS:inst|DECODE_REG_INC:inst10|lpm_decode:LPM_DECODE_component" CBX_FILE_NAME="decode_lbf.tdf"/>
		<CBX_INST_ENTRY INSTANCE_NAME="|DEUARC|COMMON_BUS:inst|MUX_S1:inst11|LPM_MUX:LPM_MUX_component" CBX_FILE_NAME="mux_v7e.tdf"/>
		<CBX_INST_ENTRY INSTANCE_NAME="|DEUARC|COMMON_BUS:inst|PC:inst8|lpm_counter:LPM_COUNTER_component" CBX_FILE_NAME="cntr_6cj.tdf"/>
		<CBX_INST_ENTRY INSTANCE_NAME="|DEUARC|COMMON_BUS:inst|QR:inst26|lpm_counter:LPM_COUNTER_component" CBX_FILE_NAME="cntr_2cj.tdf"/>
		<CBX_INST_ENTRY INSTANCE_NAME="|DEUARC|COMMON_BUS:inst|R0:inst1|lpm_counter:LPM_COUNTER_component" CBX_FILE_NAME="cntr_5cj.tdf"/>
		<CBX_INST_ENTRY INSTANCE_NAME="|DEUARC|COMMON_BUS:inst|REG_LD_DECODE:inst29|lpm_decode:LPM_DECODE_component" CBX_FILE_NAME="decode_lbf.tdf"/>
		<CBX_INST_ENTRY INSTANCE_NAME="|DEUARC|COMMON_BUS:inst|STACK_RAM:inst19|altsyncram:altsyncram_component" CBX_FILE_NAME="altsyncram_lvf1.tdf"/>
		<CBX_INST_ENTRY INSTANCE_NAME="|DEUARC|COMMON_BUS:inst|VR:inst12|lpm_counter:LPM_COUNTER_component" CBX_FILE_NAME="cntr_mqj.tdf"/>
		<CBX_INST_ENTRY INSTANCE_NAME="|DEUARC|CONTROL_UNIT:inst1|RDLOAD_DECODE:inst29|lpm_decode:LPM_DECODE_component" CBX_FILE_NAME="decode_0af.tdf"/>
		<CBX_INST_ENTRY INSTANCE_NAME="|DEUARC|CONTROL_UNIT:inst1|SC_DECODE:inst12|lpm_decode:LPM_DECODE_component" CBX_FILE_NAME="decode_5af.tdf"/>
		<CBX_INST_ENTRY INSTANCE_NAME="|DEUARC|COMMON_BUS:inst|IR:inst9|lpm_counter:LPM_COUNTER_component" CBX_FILE_NAME="cntr_jdj.tdf"/>
		<CBX_INST_ENTRY INSTANCE_NAME="|DEUARC|CONTROL_UNIT:inst1|S2_DECODE:inst67|lpm_decode:LPM_DECODE_component" CBX_FILE_NAME="decode_0af.tdf"/>
		<CBX_INST_ENTRY INSTANCE_NAME="|DEUARC|ALU:inst2|MUX3:inst19|LPM_MUX:LPM_MUX_component" CBX_FILE_NAME="mux_96e.tdf"/>
		<CBX_INST_ENTRY INSTANCE_NAME="|DEUARC|COMMON_BUS:inst|QV_LD_DECODE:inst22|lpm_decode:LPM_DECODE_component" CBX_FILE_NAME="decode_0af.tdf"/>
		<CBX_INST_ENTRY INSTANCE_NAME="|DEUARC|COMMON_BUS:inst|R1:inst2|lpm_counter:LPM_COUNTER_component" CBX_FILE_NAME="cntr_5cj.tdf"/>
		<CBX_INST_ENTRY INSTANCE_NAME="|DEUARC|CONTROL_UNIT:inst1|REL_ADDRESS_ADD:inst55|lpm_add_sub:LPM_ADD_SUB_component" CBX_FILE_NAME="add_sub_5ih.tdf"/>
		<CBX_INST_ENTRY INSTANCE_NAME="|DEUARC|CONTROL_UNIT:inst1|SC:inst|lpm_counter:LPM_COUNTER_component" CBX_FILE_NAME="cntr_oqj.tdf"/>
		<CBX_INST_ENTRY INSTANCE_NAME="|DEUARC|ALU:inst2|MUX4:inst20|LPM_MUX:LPM_MUX_component" CBX_FILE_NAME="mux_96e.tdf"/>
		<CBX_INST_ENTRY INSTANCE_NAME="|DEUARC|COMMON_BUS:inst|PC_MUX:inst6|LPM_MUX:LPM_MUX_component" CBX_FILE_NAME="mux_g6e.tdf"/>
		<CBX_INST_ENTRY INSTANCE_NAME="|DEUARC|COMMON_BUS:inst|RO:inst5|lpm_counter:LPM_COUNTER_component" CBX_FILE_NAME="cntr_5cj.tdf"/>
		<CBX_INST_ENTRY INSTANCE_NAME="|DEUARC|COMMON_BUS:inst|SP:inst30|lpm_counter:LPM_COUNTER_component" CBX_FILE_NAME="cntr_g3i.tdf"/>
	</PROJECT>
</LOG_ROOT>
